no_sampel,Gender,Married,Dependents,Education,Self_Employed,Applicant_Income,Coapplicant_Inc,Loan_Amount,Term,Credit_History,Area,Status
1,Male,No,0,Graduate,No,584900,0,15000000,360,1,Urban,Y
2,Male,Yes,1,Graduate,No,458300,150800,12800000,360,1,Rural,N
3,Male,Yes,0,Graduate,Yes,300000,0,6600000,360,1,Urban,Y
4,Male,Yes,0,Not Graduate,No,258300,235800,12000000,360,1,Urban,Y
5,Male,No,0,Graduate,No,600000,0,14100000,360,1,Urban,Y
6,Male,Yes,2,Graduate,Yes,541700,419600,26700000,360,1,Urban,Y
7,Male,Yes,0,Not Graduate,No,233300,151600,9500000,360,1,Urban,Y
8,Male,Yes,3,Graduate,No,303600,250400,15800000,360,0,Rural,N
9,Male,Yes,2,Graduate,No,400600,152600,16800000,360,1,Urban,Y
10,Male,Yes,1,Graduate,No,1284100,1096800,34900000,360,1,Rural,N
11,Male,Yes,2,Graduate,No,320000,70000,7000000,360,1,Urban,Y
12,Male,Yes,2,Graduate,Yes,250000,184000,10900000,360,1,Urban,Y
13,Male,Yes,2,Graduate,No,307300,810600,20000000,360,1,Urban,Y
14,Male,No,0,Graduate,No,185300,284000,11400000,360,1,Rural,N
15,Male,Yes,2,Graduate,No,129900,108600,1700000,120,1,Urban,Y
16,Male,No,0,Graduate,No,495000,0,12500000,360,1,Urban,Y
17,Male,No,1,Not Graduate,No,359600,0,10000000,240,NA,Urban,Y
18,Female,No,0,Graduate,No,351000,0,7600000,360,0,Urban,N
19,Male,Yes,0,Not Graduate,No,488700,0,13300000,360,1,Rural,N
20,Male,Yes,0,Graduate,Yes,260000,350000,11500000,NA,1,Urban,Y
21,Male,Yes,0,Not Graduate,No,766000,0,10400000,360,0,Urban,N
22,Male,Yes,1,Graduate,No,595500,562500,31500000,360,1,Urban,Y
23,Male,Yes,0,Not Graduate,No,260000,191100,11600000,360,0,Rural,N
24,Male,Yes,2,Not Graduate,No,336500,191700,11200000,360,0,Rural,N
25,Male,Yes,1,Graduate,No,371700,292500,15100000,360,NA,Rural,N
26,Male,Yes,0,Graduate,Yes,956000,0,19100000,360,1,Rural,Y
27,Male,Yes,0,Graduate,No,279900,225300,12200000,360,1,Rural,Y
29,Male,No,0,Not Graduate,No,144200,0,3500000,360,1,Urban,N
30,Female,No,2,Graduate,Yes,375000,208300,12000000,360,1,Rural,Y
31,Male,Yes,1,Graduate,No,416600,336900,20100000,360,NA,Urban,N
32,Male,No,0,Graduate,No,316700,0,7400000,360,1,Urban,N
33,Male,No,1,Graduate,Yes,469200,0,10600000,360,1,Rural,N
34,Male,Yes,0,Graduate,No,350000,166700,11400000,360,1,Rural,Y
36,Male,Yes,0,Graduate,No,227500,206700,0,360,1,Urban,Y
37,Male,Yes,0,Graduate,No,182800,133000,10000000,NA,0,Urban,N
38,Female,Yes,0,Graduate,No,366700,145900,14400000,360,1,Rural,Y
39,Male,No,0,Graduate,No,416600,721000,18400000,360,1,Urban,Y
40,Male,No,0,Not Graduate,No,374800,166800,11000000,360,1,Rural,Y
41,Male,No,0,Graduate,No,360000,0,8000000,360,1,Urban,N
42,Male,No,0,Graduate,No,180000,121300,4700000,360,1,Urban,Y
43,Male,Yes,0,Graduate,No,240000,0,7500000,360,NA,Urban,Y
44,Male,Yes,0,Graduate,No,394100,233600,13400000,360,1,Rural,Y
45,Male,Yes,0,Not Graduate,Yes,469500,0,9600000,NA,1,Urban,Y
46,Female,No,0,Graduate,No,341000,0,8800000,NA,1,Urban,Y
47,Male,Yes,1,Graduate,No,564900,0,4400000,360,1,Urban,Y
48,Male,Yes,0,Graduate,No,582100,0,14400000,360,1,Urban,Y
49,Female,Yes,0,Graduate,No,264500,344000,12000000,360,0,Urban,N
50,Female,No,0,Graduate,No,400000,227500,14400000,360,1,Rural,Y
51,Female,Yes,0,Not Graduate,No,192800,164400,10000000,360,1,Rural,Y
52,Female,No,0,Graduate,No,308600,0,12000000,360,1,Rural,Y
53,Female,No,0,Graduate,No,423000,0,11200000,360,1,Rural,N
54,Male,Yes,2,Graduate,No,461600,0,13400000,360,1,Urban,N
55,Female,Yes,1,Graduate,Yes,1150000,0,28600000,360,0,Urban,N
56,Male,Yes,2,Graduate,No,270800,116700,9700000,360,1,Rural,Y
57,Male,Yes,0,Graduate,No,213200,159100,9600000,360,1,Rural,Y
58,Male,Yes,0,Graduate,No,336600,220000,13500000,360,1,Rural,N
59,Male,Yes,1,Graduate,No,808000,225000,18000000,360,1,Urban,Y
60,Male,Yes,2,Not Graduate,No,335700,285900,14400000,360,1,Urban,Y
61,Male,Yes,0,Graduate,No,250000,379600,12000000,360,1,Urban,Y
62,Male,Yes,4,Graduate,No,302900,0,9900000,360,1,Urban,Y
63,Male,Yes,0,Not Graduate,Yes,260900,344900,16500000,180,0,Rural,N
64,Male,Yes,1,Graduate,No,494500,0,0,360,0,Rural,N
65,Female,No,0,Graduate,No,416600,0,11600000,360,0,Rural,N
66,Male,Yes,0,Graduate,No,572600,459500,25800000,360,1,Rural,N
67,Male,No,0,Not Graduate,No,320000,225400,12600000,180,0,Urban,N
68,Male,Yes,1,Graduate,No,1075000,0,31200000,360,1,Urban,Y
70,Female,No,0,Graduate,No,430000,0,13600000,360,0,Rural,N
71,Male,Yes,0,Graduate,No,320800,306600,17200000,360,1,Urban,Y
72,Male,Yes,2,Not Graduate,Yes,187500,187500,9700000,360,1,Rural,Y
73,Male,No,0,Graduate,No,350000,0,8100000,300,1,Rural,Y
74,Male,Yes,5,Not Graduate,No,475500,0,9500000,NA,0,Rural,N
75,Male,Yes,6,Graduate,Yes,526600,177400,18700000,360,1,Rural,Y
76,Male,No,0,Graduate,No,375000,0,11300000,480,1,Urban,N
77,Male,No,0,Graduate,No,375000,475000,17600000,360,1,Urban,N
78,Male,Yes,1,Graduate,Yes,100000,302200,11000000,360,1,Urban,N
79,Male,Yes,3,Graduate,No,316700,4.00E+05,18000000,300,0,Rural,N
80,Male,Yes,3,Not Graduate,Yes,333300,216600,13000000,360,NA,Rural,Y
81,Female,No,0,Graduate,No,384600,0,11100000,360,1,Rural,Y
82,Male,Yes,1,Graduate,Yes,239500,0,0,360,1,Rural,Y
83,Female,Yes,2,Graduate,No,137800,188100,16700000,360,1,Urban,N
84,Male,Yes,0,Graduate,No,600000,225000,26500000,360,NA,Rural,N
85,Male,Yes,1,Graduate,No,398800,0,5000000,240,1,Urban,Y
86,Male,No,0,Graduate,No,236600,253100,13600000,360,1,Rural,Y
87,Male,Yes,2,Not Graduate,No,333300,2.00E+05,9900000,360,NA,Rural,Y
88,Male,Yes,0,Graduate,No,250000,211800,10400000,360,1,Rural,Y
89,Male,No,0,Graduate,No,856600,0,21000000,360,1,Urban,Y
90,Male,Yes,0,Graduate,No,569500,416700,17500000,360,1,Rural,Y
91,Male,Yes,0,Graduate,No,295800,290000,13100000,360,1,Rural,Y
92,Male,Yes,2,Graduate,No,625000,565400,18800000,180,1,Rural,Y
93,Male,Yes,2,Not Graduate,No,327300,182000,8100000,360,1,Urban,Y
94,Male,No,0,Graduate,No,413300,0,12200000,360,1,Rural,Y
95,Male,No,0,Not Graduate,No,362000,0,2500000,120,1,Rural,Y
96,Male,No,0,Graduate,No,678200,0,0,360,NA,Urban,N
97,Female,Yes,0,Graduate,No,248400,230200,13700000,360,1,Rural,Y
99,Male,Yes,0,Not Graduate,No,418800,0,11500000,180,1,Rural,Y
100,Male,Yes,0,Graduate,No,175900,354100,13100000,360,1,Rural,Y
101,Male,Yes,2,Not Graduate,No,428800,326300,13300000,180,1,Urban,Y
102,Male,No,0,Graduate,No,484300,380600,15100000,360,1,Rural,Y
103,Male,Yes,2,Graduate,No,1365000,0,0,360,1,Urban,Y
104,Male,Yes,0,Graduate,No,465200,358300,0,360,1,Rural,Y
105,Male,Yes,2,Graduate,No,381600,75400,16000000,360,1,Urban,Y
106,Male,Yes,1,Graduate,No,305200,103000,10000000,360,1,Urban,Y
107,Male,Yes,2,Graduate,No,1141700,112600,22500000,360,1,Urban,Y
108,Male,No,0,Not Graduate,No,733300,0,12000000,360,1,Rural,N
109,Male,Yes,2,Graduate,No,380000,360000,21600000,360,0,Urban,N
110,Male,Yes,3,Not Graduate,No,207100,75400,9400000,480,1,Rural,Y
111,Male,No,0,Graduate,No,531600,0,13600000,360,1,Urban,Y
112,Female,Yes,0,Graduate,Yes,292900,233300,13900000,360,1,Rural,Y
113,Male,Yes,0,Not Graduate,No,357200,411400,15200000,NA,0,Rural,N
114,Female,No,1,Graduate,Yes,745100,0,0,360,1,Rural,Y
115,Male,No,0,Graduate,Yes,505000,0,11800000,360,1,Rural,Y
116,Male,Yes,1,Graduate,No,1458300,0,18500000,180,1,Rural,Y
117,Female,Yes,0,Graduate,No,316700,228300,15400000,360,1,Rural,Y
118,Male,Yes,1,Graduate,No,221400,139800,8500000,360,NA,Urban,Y
119,Male,Yes,0,Graduate,No,556800,214200,17500000,360,1,Rural,N
120,Female,No,0,Graduate,No,1040800,0,25900000,360,1,Urban,Y
121,Male,Yes,4,Graduate,No,566700,266700,18000000,360,1,Rural,Y
122,Female,No,0,Graduate,No,416600,0,4400000,360,1,Rural,Y
123,Female,No,0,Graduate,No,213700,898000,13700000,360,0,Rural,Y
124,Male,Yes,2,Graduate,No,295700,0,8100000,360,1,Rural,Y
125,Male,Yes,0,Not Graduate,No,430000,201400,19400000,360,1,Rural,Y
126,Female,No,0,Graduate,No,369200,0,9300000,360,NA,Rural,Y
127,Male,Yes,3,Graduate,No,2380300,0,37000000,360,1,Rural,Y
128,Male,No,0,Graduate,No,386500,164000,0,360,1,Rural,Y
129,Male,Yes,1,Graduate,Yes,1051300,385000,16000000,180,0,Urban,N
130,Male,Yes,0,Graduate,No,608000,256900,18200000,360,NA,Rural,N
132,Male,No,0,Graduate,No,201400,192900,7400000,360,1,Urban,Y
133,Male,No,0,Graduate,No,271800,0,7000000,360,1,Rural,Y
134,Male,Yes,0,Graduate,Yes,345900,0,2500000,120,1,Rural,Y
135,Male,No,0,Graduate,No,489500,0,10200000,360,1,Rural,Y
136,Male,Yes,5,Graduate,No,400000,775000,29000000,360,1,Rural,N
137,Female,Yes,0,Graduate,No,458300,0,8400000,360,1,Rural,N
138,Male,Yes,2,Graduate,Yes,331600,350000,8800000,360,1,Urban,Y
139,Male,No,0,Graduate,No,1499900,0,24200000,360,0,Rural,N
140,Male,Yes,2,Not Graduate,No,420000,143000,12900000,360,1,Rural,N
141,Male,Yes,2,Graduate,No,504200,208300,18500000,360,1,Rural,N
142,Male,No,0,Graduate,No,541700,0,16800000,360,1,Urban,Y
143,Male,No,0,Graduate,Yes,695000,0,17500000,180,1,Rural,Y
144,Male,Yes,0,Graduate,No,269800,203400,12200000,360,1,Rural,Y
145,Male,Yes,2,Graduate,No,1175700,0,18700000,180,1,Urban,Y
146,Female,Yes,0,Graduate,No,233000,448600,10000000,360,1,Rural,Y
147,Female,Yes,2,Graduate,No,1486600,0,7000000,360,1,Urban,Y
148,Male,Yes,1,Graduate,No,153800,142500,3000000,360,1,Urban,Y
149,Female,No,0,Graduate,No,1000000,166600,22500000,360,1,Rural,N
150,Male,Yes,0,Graduate,No,486000,83000,12500000,360,1,Rural,Y
151,Male,No,0,Graduate,No,627700,0,11800000,360,0,Rural,N
152,Male,Yes,0,Graduate,Yes,257700,375000,15200000,360,1,Rural,Y
153,Male,No,0,Graduate,No,916600,0,24400000,360,1,Urban,N
154,Male,Yes,2,Not Graduate,No,228100,0,11300000,360,1,Rural,N
155,Male,No,0,Graduate,No,325400,0,5000000,360,1,Urban,Y
156,Male,Yes,4,Graduate,No,3999900,0,60000000,180,0,Rural,Y
157,Male,Yes,1,Graduate,No,600000,0,16000000,360,NA,Rural,Y
158,Male,Yes,1,Graduate,No,953800,0,18700000,360,1,Urban,Y
159,Male,No,0,Graduate,Yes,298000,208300,12000000,360,1,Rural,Y
160,Male,Yes,0,Graduate,No,458300,562500,25500000,360,1,Rural,Y
161,Male,Yes,0,Not Graduate,No,186300,104100,9800000,360,1,Rural,Y
162,Male,Yes,0,Graduate,No,793300,0,27500000,360,1,Urban,N
163,Male,Yes,1,Graduate,No,308900,128000,12100000,360,0,Rural,N
164,Male,Yes,2,Graduate,No,416700,144700,15800000,360,1,Rural,Y
165,Male,Yes,0,Graduate,No,932300,0,7500000,180,1,Urban,Y
166,Male,Yes,0,Graduate,No,370700,316600,18200000,NA,1,Rural,Y
167,Female,Yes,0,Graduate,No,458300,0,11200000,360,1,Rural,N
168,Male,Yes,0,Graduate,No,243900,333300,12900000,360,1,Rural,Y
169,Male,No,0,Graduate,No,223700,0,6300000,480,0,Rural,N
170,Male,Yes,2,Graduate,No,800000,0,20000000,360,1,Rural,Y
172,Male,Yes,7,Graduate,No,5176300,0,70000000,300,1,Urban,Y
173,Male,Yes,3,Not Graduate,No,352200,0,8100000,180,1,Rural,N
174,Male,Yes,0,Graduate,No,570800,562500,18700000,360,1,Rural,Y
175,Male,Yes,0,Not Graduate,Yes,434400,73600,8700000,360,1,Rural,N
176,Male,Yes,0,Graduate,No,349700,196400,11600000,360,1,Rural,Y
177,Male,Yes,2,Graduate,No,204500,161900,10100000,360,1,Rural,Y
178,Male,Yes,3,Graduate,No,551600,1130000,49500000,360,0,Rural,N
179,Male,Yes,1,Graduate,No,375000,0,11600000,360,1,Rural,Y
180,Male,No,0,Not Graduate,No,233300,145100,10200000,480,0,Urban,N
181,Male,Yes,1,Graduate,No,640000,725000,18000000,360,0,Urban,N
182,Male,No,0,Graduate,No,191600,506300,6700000,360,NA,Rural,N
183,Male,Yes,0,Graduate,No,460000,0,7300000,180,1,Rural,Y
184,Male,Yes,1,Graduate,No,3384600,0,26000000,360,1,Rural,N
185,Female,Yes,0,Graduate,No,362500,0,10800000,360,1,Rural,Y
186,Male,Yes,0,Graduate,Yes,3914700,475000,12000000,360,1,Rural,Y
187,Male,Yes,1,Graduate,Yes,217800,0,6600000,300,0,Rural,N
188,Male,Yes,0,Graduate,No,238300,213800,5800000,360,NA,Rural,Y
189,Female,Yes,0,Graduate,Yes,67400,529600,16800000,360,1,Rural,Y
190,Male,Yes,0,Graduate,No,932800,0,18800000,180,1,Rural,Y
191,Male,No,0,Not Graduate,No,488500,0,4800000,360,1,Rural,Y
192,Male,No,0,Graduate,No,1200000,0,16400000,360,1,Rural,N
194,Male,No,0,Graduate,No,385800,0,7600000,360,1,Rural,Y
195,Male,No,0,Graduate,No,419100,0,12000000,360,1,Rural,Y
196,Male,Yes,1,Graduate,No,312500,258300,17000000,360,1,Rural,N
197,Male,No,0,Graduate,No,833300,375000,18700000,360,1,Rural,Y
198,Female,No,0,Not Graduate,No,190700,236500,12000000,NA,1,Urban,Y
199,Female,Yes,0,Graduate,No,341600,281600,11300000,360,NA,Rural,Y
200,Male,No,0,Graduate,Yes,1100000,0,8300000,360,1,Urban,N
201,Male,Yes,1,Not Graduate,No,260000,250000,9000000,360,1,Rural,Y
202,Male,No,2,Graduate,No,492300,0,16600000,360,0,Rural,Y
203,Male,Yes,3,Not Graduate,No,399200,0,0,180,1,Urban,N
204,Male,Yes,1,Not Graduate,No,350000,108300,13500000,360,1,Urban,Y
205,Male,Yes,2,Not Graduate,No,391700,0,12400000,360,1,Rural,Y
206,Female,No,0,Not Graduate,No,440800,0,12000000,360,1,Rural,Y
207,Female,No,0,Graduate,No,324400,0,8000000,360,1,Urban,Y
208,Male,No,0,Not Graduate,No,397500,253100,5500000,360,1,Rural,Y
209,Male,No,0,Graduate,No,247900,0,5900000,360,1,Urban,Y
210,Male,No,0,Graduate,No,341800,0,12700000,360,1,Rural,N
211,Female,No,0,Graduate,No,1000000,0,21400000,360,1,Rural,N
212,Male,Yes,5,Graduate,No,343000,125000,12800000,360,0,Rural,N
213,Male,Yes,1,Graduate,Yes,778700,0,24000000,360,1,Urban,Y
214,Male,Yes,6,Not Graduate,Yes,570300,0,13000000,360,1,Rural,Y
215,Male,Yes,0,Graduate,No,317300,302100,13700000,360,1,Urban,Y
216,Male,Yes,3,Not Graduate,No,385000,98300,10000000,360,1,Rural,Y
217,Male,Yes,0,Graduate,No,15000,180000,13500000,360,1,Rural,N
218,Male,Yes,0,Graduate,No,372700,177500,13100000,360,1,Rural,Y
219,Male,Yes,2,Graduate,No,500000,0,7200000,360,0,Rural,N
220,Female,Yes,2,Graduate,No,428300,238300,12700000,360,NA,Rural,Y
221,Male,Yes,0,Graduate,No,222100,0,6000000,360,0,Urban,N
222,Male,Yes,2,Graduate,No,400900,171700,11600000,360,1,Rural,Y
223,Male,No,0,Graduate,No,297100,279100,14400000,360,1,Rural,Y
224,Male,Yes,0,Graduate,No,757800,101000,17500000,NA,1,Rural,Y
225,Male,Yes,0,Graduate,No,625000,0,12800000,360,1,Rural,Y
227,Male,Yes,3,Not Graduate,Yes,473500,0,13800000,360,1,Urban,N
228,Male,Yes,2,Graduate,No,625000,169500,21000000,360,1,Rural,Y
229,Male,No,3,Graduate,No,475800,0,15800000,480,1,Rural,Y
230,Male,No,0,Graduate,Yes,640000,0,20000000,360,1,Rural,Y
231,Male,Yes,1,Graduate,No,249100,205400,10400000,360,1,Rural,Y
232,Male,Yes,0,Graduate,Yes,371600,0,4200000,180,1,Rural,Y
234,Female,No,0,Graduate,No,833300,0,28000000,360,1,Rural,Y
235,Male,Yes,1,Graduate,No,315500,177900,14000000,360,1,Rural,Y
236,Male,Yes,1,Graduate,No,550000,126000,17000000,360,1,Rural,Y
237,Male,Yes,0,Graduate,No,574600,0,25500000,360,NA,Urban,N
238,Female,No,0,Graduate,Yes,346300,0,12200000,360,NA,Urban,Y
239,Female,No,1,Graduate,No,381200,0,11200000,360,1,Rural,Y
240,Male,Yes,1,Graduate,No,331500,0,9600000,360,1,Rural,Y
241,Male,Yes,2,Graduate,No,581900,5.00E+05,12000000,360,1,Rural,Y
242,Male,Yes,1,Not Graduate,No,251000,198300,14000000,180,1,Urban,N
243,Male,No,0,Graduate,No,296500,570100,15500000,60,1,Urban,Y
244,Male,Yes,2,Graduate,Yes,625000,130000,10800000,360,1,Rural,Y
245,Male,Yes,0,Not Graduate,No,340600,441700,12300000,360,1,Rural,Y
246,Male,No,0,Graduate,Yes,605000,433300,12000000,180,1,Urban,N
247,Male,Yes,2,Graduate,No,970300,0,11200000,360,1,Urban,Y
249,Male,Yes,1,Graduate,No,288200,184300,12300000,480,1,Rural,Y
250,Male,Yes,0,Graduate,No,180900,186800,9000000,360,1,Urban,Y
252,Female,No,2,Graduate,No,342700,0,13800000,360,1,Urban,N
253,Male,No,0,Not Graduate,Yes,258300,216700,10400000,360,1,Rural,Y
254,Male,Yes,1,Not Graduate,No,266100,710100,27900000,180,1,Rural,Y
255,Male,No,0,Graduate,Yes,1625000,0,19200000,360,0,Urban,N
256,Female,No,4,Graduate,No,308300,0,25500000,360,1,Rural,Y
257,Male,No,0,Not Graduate,No,604500,0,11500000,360,0,Rural,N
258,Male,Yes,3,Graduate,No,525000,0,9400000,360,1,Urban,N
259,Male,Yes,0,Graduate,No,1468300,210000,30400000,360,1,Rural,N
260,Male,Yes,5,Not Graduate,No,493100,0,12800000,360,NA,Rural,N
261,Male,Yes,1,Graduate,No,608300,425000,33000000,360,NA,Urban,Y
262,Male,No,0,Graduate,No,206000,220900,13400000,360,1,Rural,Y
263,Female,No,1,Graduate,No,348100,0,15500000,36,1,Rural,N
264,Female,No,0,Graduate,No,720000,0,12000000,360,1,Rural,Y
265,Male,No,0,Graduate,Yes,516600,0,12800000,360,1,Rural,Y
267,Male,Yes,2,Graduate,No,470800,138700,15000000,360,1,Rural,Y
269,Female,No,0,Graduate,No,341800,0,13500000,360,1,Rural,N
270,Female,No,1,Graduate,No,287600,156000,9000000,360,1,Urban,Y
271,Female,No,0,Graduate,No,323700,0,3000000,360,1,Urban,Y
272,Male,Yes,0,Graduate,No,1114600,0,13600000,360,1,Urban,Y
273,Male,No,0,Graduate,No,283300,185700,12600000,360,1,Rural,Y
274,Male,Yes,0,Graduate,No,262000,222300,15000000,360,1,Rural,Y
275,Male,Yes,2,Graduate,No,390000,0,9000000,360,1,Rural,Y
276,Male,Yes,1,Graduate,No,275000,184200,11500000,360,1,Rural,Y
277,Male,Yes,0,Graduate,No,399300,327400,20700000,360,1,Rural,Y
278,Male,Yes,0,Graduate,No,310300,130000,8000000,360,1,Urban,Y
279,Male,Yes,0,Graduate,No,1458300,0,43600000,360,1,Rural,Y
280,Female,Yes,0,Not Graduate,No,410000,0,12400000,360,NA,Rural,Y
281,Male,No,1,Not Graduate,Yes,405300,242600,15800000,360,0,Urban,N
282,Male,Yes,0,Graduate,No,392700,80000,11200000,360,1,Rural,Y
283,Male,Yes,2,Graduate,No,230100,98579.99878,7800000,180,1,Urban,Y
285,Male,Yes,0,Graduate,No,2066700,0,0,360,1,Rural,N
286,Male,No,0,Graduate,No,315800,305300,8900000,360,1,Rural,Y
287,Female,No,0,Graduate,Yes,260000,171700,9900000,300,1,Rural,N
288,Male,Yes,0,Graduate,No,370400,2.00E+05,12000000,360,1,Rural,Y
289,Female,No,0,Graduate,No,412400,0,11500000,360,1,Rural,Y
290,Male,No,0,Graduate,No,950800,0,18700000,360,1,Rural,Y
292,Male,Yes,2,Graduate,No,440000,0,12700000,360,0,Rural,N
293,Male,Yes,2,Graduate,No,315300,156000,13400000,360,1,Urban,Y
294,Female,No,3,Graduate,No,541700,0,14300000,480,0,Urban,N
295,Male,Yes,0,Graduate,No,238300,333400,17200000,360,1,Rural,Y
296,Male,Yes,5,Graduate,Yes,441600,125000,11000000,360,1,Urban,Y
297,Male,Yes,1,Graduate,No,687500,0,20000000,360,1,Rural,Y
298,Female,Yes,1,Graduate,No,466600,0,13500000,360,1,Urban,Y
299,Female,No,0,Graduate,No,500000,254100,15100000,480,1,Rural,N
300,Male,Yes,1,Graduate,No,201400,292500,11300000,360,1,Urban,N
301,Male,Yes,0,Not Graduate,No,180000,293400,9300000,360,0,Urban,N
302,Male,Yes,5,Not Graduate,No,287500,175000,10500000,360,1,Rural,Y
303,Female,No,0,Graduate,No,500000,0,13200000,360,1,Rural,Y
305,Male,No,0,Graduate,No,400000,250000,14000000,360,1,Rural,Y
306,Male,No,0,Not Graduate,No,200000,0,0,360,1,Urban,N
307,Female,No,0,Graduate,No,376200,166600,13500000,360,1,Rural,Y
308,Female,No,0,Graduate,No,240000,186300,10400000,360,0,Urban,N
309,Male,No,0,Graduate,No,2023300,0,48000000,360,1,Rural,N
310,Male,Yes,2,Not Graduate,No,766700,0,18500000,360,NA,Rural,Y
311,Female,No,0,Graduate,No,291700,0,8400000,360,1,Rural,Y
312,Male,No,0,Not Graduate,No,292700,240500,11100000,360,1,Rural,Y
313,Female,No,0,Graduate,No,250700,0,5600000,360,1,Rural,Y
314,Male,Yes,2,Graduate,Yes,574600,0,14400000,84,NA,Rural,Y
315,Female,Yes,0,Graduate,No,247300,184300,15900000,360,1,Rural,N
316,Male,Yes,1,Not Graduate,No,339900,164000,11100000,180,1,Urban,Y
317,Male,Yes,2,Graduate,No,371700,0,12000000,360,1,Rural,Y
318,Male,Yes,0,Graduate,No,205800,213400,8800000,360,NA,Urban,Y
319,Female,No,1,Graduate,No,354100,0,11200000,360,NA,Rural,Y
320,Male,Yes,1,Graduate,Yes,1000000,0,15500000,360,1,Rural,N
321,Male,Yes,0,Graduate,No,240000,216700,11500000,360,1,Rural,Y
322,Male,Yes,3,Graduate,No,434200,18900,12400000,360,1,Rural,Y
323,Male,Yes,2,Not Graduate,No,360100,159000,0,360,1,Rural,Y
324,Female,No,0,Graduate,No,316600,298500,13200000,360,NA,Rural,Y
325,Male,Yes,4,Graduate,No,1500000,0,30000000,360,1,Rural,Y
326,Male,Yes,1,Graduate,Yes,866600,498300,37600000,360,0,Rural,N
327,Male,No,0,Graduate,No,491700,0,13000000,360,0,Rural,Y
328,Male,Yes,0,Graduate,Yes,581800,216000,18400000,360,1,Rural,Y
329,Female,Yes,0,Graduate,No,433300,245100,11000000,360,1,Urban,N
330,Female,No,0,Graduate,No,250000,0,6700000,360,1,Urban,Y
331,Male,No,1,Graduate,No,438400,179300,11700000,360,1,Urban,Y
332,Male,No,0,Graduate,No,293500,0,9800000,360,1,Rural,Y
333,Male,No,3,Graduate,No,283300,0,7100000,360,1,Urban,Y
334,Male,Yes,0,Graduate,Yes,6333700,0,49000000,180,1,Urban,Y
335,Male,Yes,1,Graduate,Yes,983300,183300,18200000,180,1,Urban,Y
336,Male,Yes,3,Graduate,Yes,550300,449000,7000000,NA,1,Rural,Y
337,Male,Yes,1,Graduate,Yes,525000,68800,16000000,360,1,Rural,Y
338,Male,Yes,2,Graduate,Yes,250000,460000,17600000,360,1,Rural,Y
339,Female,No,4,Not Graduate,No,183000,0,0,360,0,Urban,N
341,Male,Yes,4,Not Graduate,No,264700,158700,17300000,360,1,Rural,N
342,Female,No,0,Graduate,No,237800,0,4600000,360,1,Rural,N
343,Male,Yes,1,Not Graduate,No,455400,122900,15800000,360,1,Urban,Y
344,Male,Yes,4,Not Graduate,No,317300,0,7400000,360,1,Rural,Y
345,Male,Yes,2,Graduate,Yes,258300,233000,12500000,360,1,Rural,Y
346,Male,Yes,0,Graduate,No,249900,245800,16000000,360,1,Rural,Y
347,Male,Yes,3,Not Graduate,No,352300,323000,15200000,360,0,Rural,N
349,Male,Yes,0,Graduate,No,633300,458300,25900000,360,NA,Rural,Y
350,Male,Yes,0,Graduate,No,262500,625000,18700000,360,1,Rural,Y
353,Male,Yes,3,Graduate,No,266600,208300,9500000,360,1,Rural,Y
354,Female,Yes,0,Graduate,Yes,550000,0,10500000,360,0,Rural,N
355,Female,Yes,0,Graduate,No,242300,50500,13000000,360,1,Rural,Y
356,Female,No,5,Graduate,No,381300,0,11600000,180,1,Urban,Y
357,Male,Yes,2,Graduate,No,833300,316700,16500000,360,1,Rural,Y
358,Male,Yes,1,Graduate,No,387500,0,6700000,360,1,Urban,N
359,Male,Yes,0,Not Graduate,No,300000,166600,10000000,480,0,Urban,N
360,Male,Yes,5,Graduate,No,516700,316700,20000000,360,1,Rural,Y
361,Female,No,1,Graduate,No,472300,0,8100000,360,1,Rural,N
362,Male,Yes,2,Graduate,No,500000,366700,23600000,360,1,Rural,Y
363,Male,Yes,0,Graduate,No,475000,233300,13000000,360,1,Urban,Y
364,Male,Yes,0,Graduate,No,301300,303300,9500000,300,NA,Urban,Y
365,Male,No,0,Graduate,Yes,682200,0,14100000,360,1,Rural,Y
366,Male,No,0,Not Graduate,No,621600,0,13300000,360,1,Rural,N
367,Male,No,0,Graduate,No,250000,0,9600000,480,1,Rural,N
368,Male,No,0,Graduate,No,512400,0,12400000,NA,0,Rural,N
369,Male,Yes,1,Graduate,No,632500,0,17500000,360,1,Rural,Y
370,Male,Yes,0,Graduate,No,1973000,526600,57000000,360,1,Rural,N
371,Female,No,0,Graduate,Yes,1575900,0,5500000,360,1,Rural,Y
372,Male,Yes,2,Graduate,No,518500,0,15500000,360,1,Rural,Y
373,Male,Yes,2,Graduate,Yes,932300,787300,38000000,300,1,Rural,Y
374,Male,No,1,Graduate,No,306200,198700,11100000,180,0,Urban,N
375,Female,No,0,Graduate,Yes,276400,145900,11000000,360,1,Urban,Y
376,Male,Yes,0,Graduate,No,481700,92300,12000000,180,1,Urban,Y
377,Male,Yes,4,Graduate,No,875000,499600,13000000,360,1,Rural,Y
378,Male,Yes,0,Graduate,No,431000,0,13000000,360,NA,Rural,Y
379,Male,No,0,Graduate,No,306900,0,7100000,480,1,Urban,N
380,Male,Yes,2,Graduate,No,539100,0,13000000,360,1,Urban,Y
381,Male,Yes,0,Graduate,Yes,333300,250000,12800000,360,1,Rural,Y
382,Male,No,0,Graduate,No,594100,423200,29600000,360,1,Rural,Y
383,Female,No,0,Graduate,No,600000,0,15600000,360,1,Urban,Y
384,Male,No,0,Graduate,Yes,716700,0,12800000,360,1,Urban,Y
385,Male,Yes,2,Graduate,No,456600,0,10000000,360,1,Urban,N
386,Male,No,1,Graduate,Yes,366700,0,11300000,180,1,Urban,Y
387,Male,No,0,Not Graduate,No,234600,160000,13200000,360,1,Rural,Y
388,Male,Yes,0,Not Graduate,No,301000,313600,0,360,0,Urban,N
389,Male,Yes,0,Graduate,No,233300,241700,13600000,360,1,Urban,Y
390,Male,Yes,0,Graduate,No,548800,0,12500000,360,1,Rural,Y
391,Male,No,3,Graduate,No,916700,0,18500000,360,1,Rural,Y
392,Male,Yes,3,Graduate,No,950400,0,27500000,360,1,Rural,Y
393,Male,Yes,0,Graduate,No,258300,211500,12000000,360,NA,Urban,Y
394,Male,Yes,2,Not Graduate,No,199300,162500,11300000,180,1,Rural,Y
395,Male,Yes,2,Graduate,No,310000,140000,11300000,360,1,Urban,Y
396,Male,Yes,2,Graduate,No,327600,48400,13500000,360,NA,Rural,Y
397,Female,No,0,Graduate,No,318000,0,7100000,360,0,Urban,N
398,Male,Yes,0,Graduate,No,303300,145900,9500000,360,1,Urban,Y
399,Male,No,0,Not Graduate,No,390200,166600,10900000,360,1,Rural,Y
401,Male,Yes,2,Not Graduate,No,288900,0,4500000,180,0,Urban,N
402,Male,No,0,Not Graduate,No,275500,0,6500000,300,1,Rural,N
403,Male,No,0,Graduate,No,250000,2.00E+06,10300000,360,1,Rural,Y
404,Female,No,0,Not Graduate,No,196300,0,5300000,360,1,Rural,Y
405,Female,No,0,Graduate,Yes,744100,0,19400000,360,1,Rural,N
406,Female,No,0,Graduate,No,454700,0,11500000,360,1,Rural,Y
407,Male,Yes,0,Not Graduate,No,216700,240000,11500000,360,1,Urban,Y
408,Female,No,0,Not Graduate,No,221300,0,6600000,360,1,Rural,Y
411,Female,No,1,Not Graduate,Yes,386700,0,6200000,360,1,Rural,N
412,Male,Yes,0,Graduate,Yes,625600,0,16000000,360,NA,Urban,Y
413,Male,Yes,0,Not Graduate,No,609600,0,21800000,360,0,Rural,N
414,Male,Yes,0,Not Graduate,No,225300,203300,11000000,360,1,Rural,Y
415,Female,Yes,0,Not Graduate,No,214900,323700,17800000,360,0,Rural,N
416,Female,No,0,Graduate,No,299500,0,6000000,360,1,Urban,Y
417,Female,No,1,Graduate,No,260000,0,16000000,360,1,Urban,N
418,Male,Yes,2,Graduate,Yes,160000,2.00E+06,23900000,360,1,Urban,N
419,Male,Yes,0,Graduate,No,102500,277300,11200000,360,1,Rural,Y
420,Male,Yes,0,Graduate,No,324600,141700,13800000,360,1,Rural,Y
421,Male,Yes,0,Graduate,No,582900,0,13800000,360,1,Rural,Y
422,Female,No,0,Not Graduate,No,272000,0,8000000,NA,0,Urban,N
423,Male,Yes,0,Graduate,No,182000,171900,10000000,360,1,Urban,Y
424,Male,Yes,1,Graduate,No,725000,166700,11000000,NA,0,Urban,N
425,Male,Yes,0,Graduate,No,1488000,0,9600000,360,1,Rural,Y
426,Male,Yes,0,Graduate,No,266600,430000,12100000,360,1,Rural,Y
427,Female,No,1,Not Graduate,No,460600,0,8100000,360,1,Rural,N
428,Male,Yes,2,Graduate,No,593500,0,13300000,360,1,Rural,Y
429,Male,Yes,0,Graduate,No,292000,1612.000084,8700000,360,1,Rural,Y
430,Male,No,0,Not Graduate,No,271700,0,6000000,180,1,Urban,Y
431,Female,No,1,Graduate,Yes,862400,0,15000000,360,1,Rural,Y
432,Male,No,0,Graduate,No,650000,0,10500000,360,0,Rural,N
433,Male,No,0,Graduate,Yes,1287600,0,40500000,360,1,Rural,Y
434,Male,Yes,0,Graduate,No,242500,234000,14300000,360,1,Rural,Y
435,Male,No,0,Graduate,No,375000,0,10000000,360,1,Urban,Y
436,Female,No,6,Graduate,No,1004700,0,0,240,1,Rural,Y
437,Male,No,0,Graduate,No,192600,185100,5000000,360,1,Rural,Y
438,Male,Yes,0,Graduate,No,221300,112500,0,360,1,Urban,Y
439,Male,No,0,Graduate,Yes,1041600,0,18700000,360,0,Urban,N
440,Female,Yes,0,Not Graduate,Yes,714200,0,13800000,360,1,Rural,Y
441,Male,No,0,Graduate,No,366000,506400,18700000,360,1,Rural,Y
442,Male,Yes,0,Graduate,No,790100,183300,18000000,360,1,Rural,Y
444,Male,No,1,Graduate,No,3771900,0,15200000,360,1,Rural,Y
445,Male,Yes,0,Graduate,No,733300,833300,17500000,300,NA,Rural,Y
446,Male,Yes,1,Graduate,Yes,346600,121000,13000000,360,1,Rural,Y
447,Male,Yes,2,Not Graduate,No,465200,0,11000000,360,1,Rural,Y
448,Male,Yes,0,Graduate,Yes,353900,137600,5500000,360,1,Rural,N
449,Male,Yes,2,Graduate,No,334000,171000,15000000,360,0,Rural,N
450,Male,No,1,Not Graduate,Yes,276900,154200,19000000,360,NA,Rural,N
451,Male,Yes,2,Not Graduate,No,230900,125500,12500000,360,0,Rural,N
452,Male,Yes,2,Not Graduate,No,195800,145600,6000000,300,NA,Urban,Y
453,Male,Yes,0,Graduate,No,394800,173300,14900000,360,0,Rural,N
455,Male,No,0,Graduate,Yes,708500,0,8400000,360,1,Rural,Y
456,Male,Yes,2,Graduate,No,385900,0,9600000,360,1,Rural,Y
457,Male,Yes,0,Graduate,No,430100,0,11800000,360,1,Urban,Y
458,Male,Yes,0,Graduate,No,370800,256900,17300000,360,1,Urban,N
459,Male,No,2,Graduate,No,435400,0,13600000,360,1,Rural,Y
460,Male,Yes,0,Graduate,No,833400,0,16000000,360,1,Rural,N
461,Female,Yes,0,Graduate,Yes,208300,408300,16000000,360,NA,Rural,Y
462,Male,Yes,3,Graduate,No,774000,0,12800000,180,1,Urban,Y
463,Male,Yes,0,Graduate,No,301500,218800,15300000,360,1,Rural,Y
464,Female,No,1,Not Graduate,Yes,519100,0,13200000,360,1,Rural,Y
465,Male,No,0,Graduate,No,416600,0,9800000,360,0,Rural,N
466,Male,No,0,Graduate,No,600000,0,14000000,360,1,Rural,Y
467,Male,Yes,3,Not Graduate,No,294700,166400,7000000,180,0,Urban,N
468,Male,Yes,0,Graduate,No,1669200,0,11000000,360,1,Rural,Y
469,Female,Yes,2,Not Graduate,Yes,21000,291700,9800000,360,1,Rural,Y
470,Male,Yes,0,Graduate,No,433300,245100,11000000,360,1,Urban,N
471,Male,Yes,1,Graduate,Yes,345000,207900,16200000,360,1,Rural,Y
472,Male,Yes,1,Not Graduate,No,265300,150000,11300000,180,0,Rural,N
473,Male,Yes,4,Graduate,No,469100,0,10000000,360,1,Rural,Y
474,Female,No,0,Graduate,Yes,250000,0,9300000,360,NA,Urban,Y
475,Male,No,2,Graduate,No,553200,464800,16200000,360,1,Rural,Y
476,Male,Yes,2,Graduate,Yes,1652500,101400,15000000,360,1,Rural,Y
477,Male,Yes,2,Graduate,No,670000,175000,23000000,300,1,Rural,Y
478,Female,Yes,2,Graduate,No,287300,187200,13200000,360,0,Rural,N
479,Male,Yes,1,Graduate,Yes,1666700,225000,8600000,360,1,Rural,Y
480,Male,Yes,2,Graduate,No,294700,160300,0,360,1,Urban,N
481,Female,No,0,Not Graduate,No,435000,0,15400000,360,1,Rural,Y
483,Male,Yes,0,Graduate,No,208300,315000,12800000,360,1,Rural,Y
484,Male,Yes,0,Graduate,No,1083300,0,23400000,360,1,Rural,Y
485,Male,Yes,2,Graduate,No,833300,0,24600000,360,1,Rural,Y
486,Male,Yes,1,Not Graduate,No,195800,243600,13100000,360,1,Rural,Y
487,Male,No,2,Graduate,No,354700,0,8000000,360,0,Rural,N
488,Male,Yes,1,Graduate,No,1833300,0,50000000,360,1,Urban,N
489,Male,Yes,2,Graduate,Yes,458300,208300,16000000,360,1,Rural,Y
490,Male,No,0,Graduate,No,243500,0,7500000,360,1,Urban,N
491,Male,No,0,Not Graduate,No,269900,278500,9600000,360,NA,Rural,Y
492,Male,Yes,1,Not Graduate,No,533300,113100,18600000,360,NA,Urban,Y
493,Male,No,0,Not Graduate,No,369100,0,11000000,360,1,Rural,Y
494,Female,No,0,Not Graduate,Yes,1726300,0,22500000,360,1,Rural,Y
495,Male,Yes,0,Graduate,No,359700,215700,11900000,360,0,Rural,N
496,Female,Yes,1,Graduate,No,332600,91300,10500000,84,1,Rural,Y
497,Male,Yes,0,Not Graduate,No,260000,170000,10700000,360,1,Rural,Y
499,Male,Yes,1,Graduate,Yes,289500,0,9500000,360,1,Rural,Y
500,Male,No,0,Graduate,No,628300,441600,20900000,360,0,Rural,N
501,Female,No,0,Graduate,No,64500,368300,11300000,480,1,Rural,Y
502,Female,No,0,Graduate,No,315900,0,10000000,360,1,Rural,Y
503,Male,Yes,2,Graduate,No,486500,562400,20800000,360,1,Rural,Y
504,Male,Yes,1,Not Graduate,No,405000,530200,13800000,360,NA,Rural,N
505,Male,Yes,0,Not Graduate,No,381400,148300,12400000,300,1,Rural,Y
506,Male,Yes,2,Graduate,No,351000,441600,24300000,360,1,Rural,Y
507,Male,Yes,0,Graduate,No,2083300,666700,48000000,360,NA,Urban,Y
508,Male,No,0,Graduate,No,358300,0,9600000,360,1,Urban,N
509,Male,Yes,0,Graduate,Yes,247900,301300,18800000,360,1,Urban,Y
510,Female,No,1,Graduate,No,1326200,0,4000000,360,1,Urban,Y
511,Male,No,0,Not Graduate,No,359800,128700,10000000,360,1,Rural,N
512,Male,Yes,1,Graduate,No,606500,200400,25000000,360,1,Rural,Y
513,Male,Yes,2,Graduate,No,328300,203500,14800000,360,1,Urban,Y
514,Male,Yes,0,Graduate,No,213000,666600,7000000,180,1,Rural,N
515,Male,No,0,Graduate,No,581500,366600,31100000,360,1,Rural,N
516,Male,Yes,5,Graduate,No,346600,342800,15000000,360,1,Rural,Y
517,Female,Yes,2,Graduate,No,203100,163200,11300000,480,1,Rural,Y
518,Male,Yes,6,Not Graduate,No,307400,180000,12300000,360,0,Rural,N
519,Male,No,0,Graduate,No,468300,191500,18500000,360,1,Rural,N
520,Female,No,0,Not Graduate,No,340000,0,9500000,360,1,Rural,N
521,Male,Yes,2,Not Graduate,No,219200,174200,4500000,360,1,Rural,Y
522,Male,No,0,Graduate,No,250000,0,5500000,360,1,Rural,Y
524,Male,Yes,2,Graduate,Yes,794800,716600,48000000,360,1,Rural,Y
525,Male,No,0,Graduate,No,468000,208700,0,360,1,Rural,N
526,Male,Yes,2,Graduate,Yes,1750000,0,40000000,360,1,Rural,Y
527,Male,Yes,0,Graduate,No,377500,0,11000000,360,1,Rural,Y
528,Male,Yes,1,Not Graduate,No,528500,143000,16100000,360,0,Rural,Y
529,Male,No,1,Not Graduate,No,267900,130200,9400000,360,1,Rural,Y
530,Male,No,0,Not Graduate,No,678300,0,13000000,360,1,Rural,Y
531,Male,Yes,0,Graduate,No,102500,550000,21600000,360,NA,Rural,Y
533,Male,No,2,Graduate,No,358800,0,11000000,360,0,Rural,N
534,Male,No,1,Graduate,No,1125000,0,19600000,360,NA,Rural,N
535,Female,No,0,Not Graduate,Yes,1816500,0,12500000,360,1,Urban,Y
536,Male,No,0,Not Graduate,Yes,255000,204200,12600000,360,1,Rural,Y
537,Male,Yes,0,Graduate,No,613300,390600,32400000,360,1,Urban,Y
538,Male,No,2,Graduate,No,361700,0,10700000,360,1,Rural,Y
539,Male,Yes,0,Not Graduate,No,291700,53600,6600000,360,1,Rural,N
540,Male,Yes,3,Graduate,No,641700,0,15700000,180,1,Rural,Y
541,Female,Yes,1,Graduate,No,460800,284500,14000000,180,1,Rural,Y
542,Female,No,0,Graduate,No,213800,0,9900000,360,0,Rural,N
543,Female,No,1,Graduate,Yes,365200,0,9500000,360,1,Rural,Y
544,Male,Yes,1,Not Graduate,No,223900,252400,12800000,360,1,Urban,Y
545,Female,Yes,0,Not Graduate,No,301700,66300,10200000,360,NA,Rural,Y
546,Male,Yes,0,Graduate,No,276800,195000,15500000,360,1,Rural,Y
547,Male,No,0,Not Graduate,No,335800,0,8000000,36,1,Rural,N
548,Male,No,0,Graduate,No,252600,178300,14500000,360,1,Rural,Y
549,Female,No,0,Graduate,No,500000,0,10300000,360,0,Rural,N
550,Male,Yes,0,Graduate,No,278500,201600,11000000,360,1,Rural,Y
551,Male,Yes,2,Graduate,Yes,663300,0,0,360,0,Rural,N
552,Male,Yes,1,Not Graduate,No,249200,237500,0,360,1,Rural,Y
553,Male,Yes,1,Graduate,No,333300,325000,15800000,360,1,Urban,Y
554,Male,Yes,0,Not Graduate,No,245400,233300,18100000,360,0,Urban,N
555,Male,Yes,0,Graduate,No,359300,426600,13200000,180,0,Rural,N
556,Male,Yes,1,Graduate,No,546800,103200,2600000,360,1,Rural,Y
557,Female,No,0,Graduate,No,266700,162500,8400000,360,NA,Urban,Y
558,Male,Yes,3,Graduate,Yes,1013900,0,26000000,360,1,Rural,Y
559,Male,Yes,0,Graduate,No,388700,266900,16200000,360,1,Rural,Y
560,Female,Yes,0,Graduate,No,418000,230600,18200000,360,1,Rural,Y
561,Male,Yes,2,Not Graduate,No,367500,24200,10800000,360,1,Rural,Y
562,Female,Yes,1,Graduate,Yes,1948400,0,60000000,360,1,Rural,Y
563,Male,Yes,0,Graduate,No,592300,205400,21100000,360,1,Rural,Y
564,Male,No,0,Not Graduate,Yes,580000,0,13200000,360,1,Rural,Y
565,Male,Yes,2,Graduate,No,879900,0,25800000,360,0,Urban,N
566,Male,Yes,0,Not Graduate,No,446700,0,12000000,360,NA,Rural,Y
567,Male,No,0,Graduate,No,333300,0,7000000,360,1,Urban,Y
568,Male,Yes,4,Graduate,No,340000,250000,12300000,360,0,Rural,N
569,Female,No,0,Graduate,No,237800,0,900000,360,1,Urban,N
570,Male,Yes,0,Graduate,No,316600,206400,10400000,360,0,Urban,N
571,Male,Yes,1,Graduate,No,341700,175000,18600000,360,1,Urban,Y
572,Male,Yes,3,Graduate,No,511600,145100,16500000,360,0,Urban,N
573,Male,Yes,2,Graduate,No,1666600,0,27500000,360,1,Urban,Y
574,Male,Yes,2,Not Graduate,No,612500,162500,18700000,480,1,Rural,N
575,Male,Yes,3,Graduate,No,640600,0,15000000,360,1,Rural,N
576,Male,Yes,2,Graduate,No,315900,46100,10800000,84,1,Urban,Y
577,Female,Yes,0,Graduate,No,308700,221000,13600000,360,0,Rural,N
578,Male,No,0,Graduate,No,322900,273900,11000000,360,1,Urban,Y
579,Male,Yes,1,Graduate,No,178200,223200,10700000,360,1,Rural,Y
580,Male,No,0,Graduate,Yes,318200,291700,16100000,360,1,Urban,Y
581,Male,Yes,2,Graduate,No,654000,0,20500000,360,1,Rural,Y
582,Male,No,0,Graduate,No,183600,3383700,9000000,360,1,Urban,N
583,Female,Yes,0,Graduate,No,316600,0,3600000,360,1,Rural,Y
584,Male,Yes,1,Graduate,No,188000,0,6100000,360,NA,Rural,N
585,Male,Yes,1,Graduate,No,278700,191700,14600000,360,0,Rural,N
586,Male,Yes,1,Graduate,No,428300,3.00E+05,17200000,84,1,Rural,N
587,Male,Yes,0,Graduate,No,229700,152200,10400000,360,1,Urban,Y
588,Female,No,0,Not Graduate,No,216500,0,7000000,360,1,Rural,Y
589,Female,No,0,Graduate,No,475000,0,9400000,360,1,Rural,Y
590,Male,Yes,2,Graduate,Yes,272600,0,10600000,360,0,Rural,N
591,Male,Yes,0,Graduate,No,300000,341600,5600000,180,1,Rural,Y
592,Male,Yes,2,Graduate,Yes,600000,0,20500000,240,1,Rural,N
593,Female,No,3,Graduate,Yes,935700,0,29200000,360,1,Rural,Y
594,Male,Yes,0,Graduate,No,385900,330000,14200000,180,1,Rural,Y
595,Male,Yes,0,Graduate,Yes,1612000,0,26000000,360,1,Urban,Y
596,Male,No,0,Not Graduate,No,383300,0,11000000,360,1,Rural,Y
597,Male,Yes,2,Not Graduate,Yes,638300,1.00E+05,18700000,360,1,Rural,N
598,Male,No,3,Graduate,No,298700,0,8800000,360,0,Rural,N
599,Male,Yes,0,Graduate,Yes,996300,0,18000000,360,1,Rural,Y
600,Male,Yes,2,Graduate,No,578000,0,19200000,360,1,Urban,Y
601,Female,No,4,Graduate,No,41600,4166700,35000000,180,NA,Urban,N
602,Male,Yes,0,Not Graduate,No,289400,279200,15500000,360,1,Rural,Y
603,Male,Yes,3,Graduate,No,570300,0,12800000,360,1,Urban,Y
604,Male,No,0,Graduate,No,367600,430100,17200000,360,1,Rural,Y
605,Female,Yes,1,Graduate,No,1200000,0,49600000,360,1,Rural,Y
607,Male,Yes,1,Graduate,No,340000,250000,17300000,360,1,Rural,Y
608,Male,Yes,2,Not Graduate,No,398700,141100,15700000,360,1,Rural,Y
609,Male,Yes,0,Graduate,No,323200,195000,10800000,360,1,Rural,Y
610,Female,No,0,Graduate,No,290000,0,7100000,360,1,Rural,Y
611,Male,Yes,3,Graduate,No,410600,0,4000000,180,1,Rural,Y
612,Male,Yes,1,Graduate,No,807200,24000,25300000,360,1,Urban,Y
613,Male,Yes,2,Graduate,No,758300,0,18700000,360,1,Urban,Y
614,Female,No,0,Graduate,Yes,458300,0,13300000,360,0,Rural,N
